text,image,label,event,target,prediction,prob,score,text_score,image_score
rt  \@conflicts  photo  french military deployed on the streets of  #paris as a large scale terror attack is taking place    \@lepoin,attacks_paris_10.jpg,real,32,0,0,0.99376935,"[0.99376935, 0.0062306514]","[0.42917433, 0.57082564]","[0.95553374, 0.04446627]"
rt  \@saserief    \@conflicts   french military deployed on the streets of  #paris  large scale terror attack taking place    \@lepoin,attacks_paris_10.jpg,real,32,0,0,0.9929489,"[0.9929489, 0.0070511573]","[0.4193963, 0.5806037]","[0.9549255, 0.04507447]"
\@conflicts   french military deployed on the streets of  #paris  large scale terror attack taking place    \@lepoin,attacks_paris_10.jpg,real,32,0,0,0.99233705,"[0.99233705, 0.0076629515]","[0.43745983, 0.5625402]","[0.9552585, 0.044741586]"
photo  french military deployed on the streets of  #paris as a large scale terror attack is taking place    \@lepoin,attacks_paris_10.jpg,real,32,0,0,0.994152,"[0.994152, 0.0058479416]","[0.38851753, 0.6114825]","[0.95586324, 0.04413682]"
rt  \@gerryhassan  this is the image  amp  reality terrorists want to see as everyday life  we are not at war   #parisattack,attacks_paris_10.jpg,real,32,0,0,0.9935514,"[0.9935514, 0.006448597]","[0.45488134, 0.54511863]","[0.95570564, 0.04429433]"
army on the streets  #pari,attacks_paris_10.jpg,real,32,0,0,0.9938647,"[0.9938647, 0.0061352625]","[0.43939683, 0.5606032]","[0.9558406, 0.044159405]"
this is the image  amp  reality terrorists want to see as everyday life  we are not at war   #parisattack,attacks_paris_10.jpg,real,32,0,0,0.9928504,"[0.9928504, 0.0071495413]","[0.4134323, 0.5865677]","[0.95597476, 0.044025194]"
french military on the streets of  #paris as the cowardly religious scum terrorists wreak death and destructio,attacks_paris_10.jpg,real,32,0,0,0.9909537,"[0.9909537, 0.009046334]","[0.32250175, 0.6774983]","[0.95657885, 0.04342114]"
rt tangiblej   rt conflicts  photo  french military deployed on the streets of  #paris as a large scale terror att,attacks_paris_10.jpg,real,32,0,0,0.9936212,"[0.9936212, 0.006378818]","[0.4178585, 0.58214146]","[0.9560881, 0.043911945]"
domdyer70  rt conflicts  photo  french military deployed on the streets of  #paris as a large scale terror attack ,attacks_paris_10.jpg,real,32,0,0,0.99292314,"[0.99292314, 0.007076891]","[0.39263946, 0.60736054]","[0.9553032, 0.04469687]"
rt  \@conflicts  photo  french military deployed on the streets of  #paris as a large scale terror attack    \@lepoin,attacks_paris_10.jpg,real,32,0,0,0.99366176,"[0.99366176, 0.006338191]","[0.4394819, 0.5605181]","[0.95553374, 0.04446627]"
rt  \@rt_com  breaking   \@france24 reports at least 60 hostages at  #paris concert hall  #batacla,attacks_paris_12.jpg,real,32,0,0,0.98922974,"[0.98922974, 0.01077021]","[0.48017803, 0.51982194]","[0.87555605, 0.12444393]"
breaking  france24 reports at least 60 hostages at  #paris concert hall  #batacla,attacks_paris_12.jpg,real,32,0,0,0.9870744,"[0.9870744, 0.012925681]","[0.45062658, 0.54937345]","[0.87631565, 0.123684354]"
n_izzah  rt rt_com  breaking  france24 reports at least 60 hostages at  #paris concert hall  #batacla,attacks_paris_12.jpg,real,32,0,0,0.9877335,"[0.9877335, 0.012266538]","[0.45427486, 0.54572517]","[0.8763762, 0.1236238]"
rt  \@pb_prathamesh_b  breaking  france24 reports at least 60 hostages at  #paris concert hall  #batacla,attacks_paris_12.jpg,real,32,0,0,0.98930883,"[0.98930883, 0.01069112]","[0.4743296, 0.52567047]","[0.87674505, 0.123255]"
rt_com  breaking  france24 reports at least 60 hostages at  #paris concert hall  #batacla,attacks_paris_12.jpg,real,32,0,0,0.9858262,"[0.9858262, 0.014173765]","[0.44274008, 0.55726]","[0.8758984, 0.12410159]"
breaking  france24 reports at least 60 hostages at  #paris concert hall  #batacla,attacks_paris_12.jpg,real,32,0,0,0.9870744,"[0.9870744, 0.012925681]","[0.45062658, 0.54937345]","[0.87631565, 0.123684354]"
breaking  france24 reports at least 60 hostages at  #paris concert hall  #batacla,attacks_paris_12.jpg,real,32,0,0,0.9870744,"[0.9870744, 0.012925681]","[0.45062658, 0.54937345]","[0.87631565, 0.123684354]"
breaking  france24 reports at least 60 hostages at  #paris concert hall  #batacla,attacks_paris_12.jpg,real,32,0,0,0.9870744,"[0.9870744, 0.012925681]","[0.45062658, 0.54937345]","[0.87631565, 0.123684354]"
rt_com  breaking  france24 reports at least 60 hostages at  #paris concert hall  #batacla,attacks_paris_12.jpg,real,32,0,0,0.9858262,"[0.9858262, 0.014173765]","[0.44274008, 0.55726]","[0.8758984, 0.12410159]"
rt_com  breaking  france24 reports at least 60 hostages at  #paris concert hall  #batacla,attacks_paris_12.jpg,real,32,0,0,0.9858262,"[0.9858262, 0.014173765]","[0.44274008, 0.55726]","[0.8758984, 0.12410159]"
breaking  france24 reports at least 60 hostages at  #paris concert hall  #batacla,attacks_paris_12.jpg,real,32,0,0,0.9870744,"[0.9870744, 0.012925681]","[0.45062658, 0.54937345]","[0.87631565, 0.123684354]"
breaking  france24 reports at least 60 hostages at  #paris concert hall  #bataclan      rt  ,attacks_paris_12.jpg,real,32,0,0,0.98754567,"[0.98754567, 0.012454375]","[0.45620996, 0.5437901]","[0.8751188, 0.1248812]"
breaking   \@france24 reports at least 60 hostages at  #paris concert hall  #batacla,attacks_paris_12.jpg,real,32,0,0,0.9880882,"[0.9880882, 0.011911777]","[0.47117403, 0.528826]","[0.8751188, 0.1248812]"
reuters  live video   #paris under attack        reuters top news                 #srilank,attacks_paris_13.jpg,real,32,0,0,0.96810704,"[0.96810704, 0.031892974]","[0.4878252, 0.5121748]","[0.6674752, 0.33252484]"
#news live video   #paris under attac,attacks_paris_13.jpg,real,32,0,0,0.9788284,"[0.9788284, 0.02117161]","[0.49374834, 0.5062517]","[0.6717278, 0.32827222]"
live video   #paris under attack       #breaking  #new,attacks_paris_13.jpg,real,32,0,0,0.9782615,"[0.9782615, 0.02173848]","[0.50400543, 0.4959946]","[0.66714597, 0.33285406]"
rt  \@rt_com  more  police say explosion also took place in a bar bear  #paris stadiu,attacks_paris_14.jpg,real,32,0,0,0.99543285,"[0.99543285, 0.0045672]","[0.44940352, 0.5505965]","[0.9319811, 0.06801893]"
rt  rt_com  more  police say explosion also took place in a bar bear  #paris stadium      #wkw,attacks_paris_14.jpg,real,32,0,0,0.9958333,"[0.9958333, 0.0041666497]","[0.49949443, 0.5005056]","[0.93186754, 0.06813252]"
rt_com  more  police say explosion also took place in a bar bear  #paris stadium      #new,attacks_paris_14.jpg,real,32,0,0,0.99552095,"[0.99552095, 0.0044790623]","[0.4763403, 0.52365965]","[0.93174654, 0.06825346]"
more  police say explosion also took place in a bar bear  #paris stadiu,attacks_paris_14.jpg,real,32,0,0,0.9945802,"[0.9945802, 0.005419757]","[0.3967555, 0.60324454]","[0.93149674, 0.06850329]"
more  police say explosion also took place in a bar bear  #paris stadiu,attacks_paris_14.jpg,real,32,0,0,0.9945802,"[0.9945802, 0.005419757]","[0.3967555, 0.60324454]","[0.93149674, 0.06850329]"
more  police say explosion also took place in a bar bear  #paris stadiu,attacks_paris_14.jpg,real,32,0,0,0.9945802,"[0.9945802, 0.005419757]","[0.3967555, 0.60324454]","[0.93149674, 0.06850329]"
rt   \@rt_com  more  police say explosion also took place in a bar bear  #paris stadiu,attacks_paris_14.jpg,real,32,0,0,0.99543285,"[0.99543285, 0.0045672]","[0.44940352, 0.5505965]","[0.9319811, 0.06801893]"
\@rt_com  more  police say explosion also took place in a bar bear  #paris stadium      #isi,attacks_paris_14.jpg,real,32,0,0,0.99571604,"[0.99571604, 0.0042839795]","[0.5227483, 0.4772517]","[0.9318611, 0.06813891]"
rt_com  more  police say explosion also took place in a bar bear  #paris stadiu,attacks_paris_14.jpg,real,32,0,0,0.9947902,"[0.9947902, 0.0052097756]","[0.4324687, 0.5675313]","[0.9318913, 0.06810869]"
more  police say explosion also took place in a bar bear  #paris stadium      rt  rt_com  n,attacks_paris_14.jpg,real,32,0,0,0.9950336,"[0.9950336, 0.0049663433]","[0.44946465, 0.5505354]","[0.93176347, 0.06823648]"
rt_com  more  police say explosion also took place in a bar bear  #paris stadiu,attacks_paris_14.jpg,real,32,0,0,0.9947902,"[0.9947902, 0.0052097756]","[0.4324687, 0.5675313]","[0.9318913, 0.06810869]"
\@rt_com  more  police say explosion also took place in a bar bear  #paris stadiu,attacks_paris_14.jpg,real,32,0,0,0.9955586,"[0.9955586, 0.004441332]","[0.45839667, 0.5416033]","[0.9318913, 0.06810869]"
more  police say explosion also took place in a bar bear  #paris stadiu,attacks_paris_14.jpg,real,32,0,0,0.9945802,"[0.9945802, 0.005419757]","[0.3967555, 0.60324454]","[0.93149674, 0.06850329]"
rt  \@abc  latest   ongoing situation  in paris  as many as 60 hostages being held   \@brianross report,attacks_paris_15.jpg,real,32,0,0,0.996651,"[0.996651, 0.0033489745]","[0.52828443, 0.47171563]","[0.9529569, 0.04704306]"
latest   ongoing situation  in paris  as many as 60 hostages being held  brianross report,attacks_paris_15.jpg,real,32,0,0,0.99671113,"[0.99671113, 0.0032889082]","[0.4269879, 0.57301205]","[0.95292586, 0.04707422]"
abc4utah  rt abc  latest   ongoing situation  in paris  as many as 60 hostages being held  brianross report,attacks_paris_15.jpg,real,32,0,0,0.99700075,"[0.99700075, 0.002999197]","[0.5255497, 0.47445032]","[0.9529989, 0.047001075]"
#abc latest   ongoing situation  in paris  as many as 60 hostages being held  brianross report,attacks_paris_15.jpg,real,32,0,0,0.99668306,"[0.99668306, 0.0033168804]","[0.48352137, 0.51647866]","[0.95321894, 0.04678103]"
rt  \@abc  latest   ongoing situation  in paris  as many as 60 hostages being hel,attacks_paris_15.jpg,real,32,0,0,0.9967411,"[0.9967411, 0.003258927]","[0.5152687, 0.4847313]","[0.95311433, 0.046885666]"
#news latest   ongoing situation  in paris  as many as 60 hostages being held  brianross report,attacks_paris_15.jpg,real,32,0,0,0.9965647,"[0.9965647, 0.0034352797]","[0.46143728, 0.5385627]","[0.95292586, 0.04707422]"
latest   ongoing situation  in paris  as many as 60 hostages being held   \@brianross report,attacks_paris_15.jpg,real,32,0,0,0.996599,"[0.996599, 0.0034009682]","[0.50189734, 0.49810266]","[0.95292586, 0.04707422]"
wsoctv  rt abc  latest   ongoing situation  in paris  as many as 60 hostages being held  brianross report,attacks_paris_15.jpg,real,32,0,0,0.9968522,"[0.9968522, 0.0031477865]","[0.50837135, 0.49162868]","[0.9529263, 0.047073703]"
rt abc  latest   ongoing situation  in paris  as many as 60 hostages being held  brianross report,attacks_paris_15.jpg,real,32,0,0,0.9963637,"[0.9963637, 0.0036362975]","[0.46980286, 0.53019714]","[0.9529569, 0.04704306]"
breaking3zero  fusillades de  #paris   bilan provisoire de 30 morts  afp    by  isaranjue,attacks_paris_17.jpg,real,32,0,0,0.9954572,"[0.9954572, 0.004542885]","[0.45135766, 0.5486424]","[0.9595462, 0.04045384]"
rt  \@lumworld  shootings in  #paris  30 dead reported so far      via  \@breaking3zer,attacks_paris_17.jpg,real,32,0,0,0.9967519,"[0.9967519, 0.0032481644]","[0.5131761, 0.4868239]","[0.9593672, 0.040632814]"
shootings in  #paris  30 dead reported so far      via  \@breaking3zer,attacks_paris_17.jpg,real,32,0,0,0.9961604,"[0.9961604, 0.003839566]","[0.48765743, 0.5123426]","[0.9595786, 0.040421385]"
rt  \@cnn  terror grips  #paris in night of attacks  hostages being held in theater  police sa,attacks_paris_19.jpg,real,32,0,0,0.99483263,"[0.99483263, 0.005167376]","[0.50982744, 0.4901726]","[0.94591606, 0.05408394]"
cnn  terror grips  #paris in night of attacks  hostages being held in theater  police sa,attacks_paris_19.jpg,real,32,0,0,0.9942076,"[0.9942076, 0.005792396]","[0.478604, 0.52139604]","[0.94624877, 0.053751238]"
terror grips  #paris in night of attacks  hostages are being held in theate,attacks_paris_19.jpg,real,32,0,0,0.99379975,"[0.99379975, 0.0062002754]","[0.5223195, 0.47768053]","[0.9462598, 0.053740256]"
rt  \@cnn  terror grips  #paris in night of attacks  hostages being held in theater  police sa,attacks_paris_19.jpg,real,32,0,0,0.99483263,"[0.99483263, 0.005167376]","[0.50982744, 0.4901726]","[0.94591606, 0.05408394]"
terror grips  #paris in night of attacks  hostages being held in theater  police sa,attacks_paris_19.jpg,real,32,0,0,0.9938871,"[0.9938871, 0.0061129034]","[0.4804066, 0.51959336]","[0.9462598, 0.053740256]"
cnn  terror grips  #paris in night of attacks  hostages being held in theater  police sa,attacks_paris_19.jpg,real,32,0,0,0.9942076,"[0.9942076, 0.005792396]","[0.478604, 0.52139604]","[0.94624877, 0.053751238]"
cnn  terror grips  #paris in night of attacks  hostages being held in theater  police sa,attacks_paris_19.jpg,real,32,0,0,0.9942076,"[0.9942076, 0.005792396]","[0.478604, 0.52139604]","[0.94624877, 0.053751238]"
via     cnn  terror grips  #paris in night of attacks  hostages being held in theater  pol,attacks_paris_19.jpg,real,32,0,0,0.99469584,"[0.99469584, 0.005304206]","[0.47490063, 0.5250994]","[0.9460696, 0.053930387]"
#news terror grips  #paris in night of attacks  hostages being held in theater  police sa,attacks_paris_19.jpg,real,32,0,0,0.9951781,"[0.9951781, 0.004821913]","[0.47031307, 0.529687]","[0.9463127, 0.05368725]"
rt  \@thehappykipper  france needs our prayers tonight   the people of paris and tourists are innocent victims of a sick islamic cult  http,attacks_paris_19.jpg,real,32,0,0,0.99317354,"[0.99317354, 0.0068264594]","[0.46632284, 0.53367716]","[0.9451897, 0.05481025]"
terror grips  #paris in night of attacks  hostages being held in theater  police say     via  \@cn,attacks_paris_19.jpg,real,32,0,0,0.9952584,"[0.9952584, 0.0047416617]","[0.52195215, 0.47804785]","[0.94630396, 0.05369599]"
terror grips  #paris in night of attacks  hostages being held in theater  police sa,attacks_paris_19.jpg,real,32,0,0,0.9938871,"[0.9938871, 0.0061129034]","[0.4804066, 0.51959336]","[0.9462598, 0.053740256]"
beatrizxy  rt cnn  terror grips  #paris in night of attacks  hostages being held in theater  police sa,attacks_paris_19.jpg,real,32,0,0,0.9935394,"[0.9935394, 0.006460578]","[0.49768624, 0.50231373]","[0.9460759, 0.053924058]"
france needs our prayers tonight   the people of paris and tourists are innocent victims of a sick islamic cul,attacks_paris_19.jpg,real,32,0,0,0.9928941,"[0.9928941, 0.0071059195]","[0.4149419, 0.58505815]","[0.9451828, 0.054817226]"
#usafricabf notice  terror grips  #paris in night of attacks  hostages being held in theat,attacks_paris_19.jpg,real,32,0,0,0.9940347,"[0.9940347, 0.0059653195]","[0.45721152, 0.54278845]","[0.9452464, 0.054753613]"
terror grips  #paris in night of attacks  hostages being held in theater  police sa,attacks_paris_19.jpg,real,32,0,0,0.9938871,"[0.9938871, 0.0061129034]","[0.4804066, 0.51959336]","[0.9462598, 0.053740256]"
#cnn terror grips  #paris in night of attacks  hostages being held in theater  police sa,attacks_paris_19.jpg,real,32,0,0,0.9949656,"[0.9949656, 0.0050343843]","[0.4868437, 0.5131563]","[0.9463991, 0.053600967]"
terror grips  #paris in night of attacks  hostages being held in theater  police sa,attacks_paris_19.jpg,real,32,0,0,0.9938871,"[0.9938871, 0.0061129034]","[0.4804066, 0.51959336]","[0.9462598, 0.053740256]"
\@cnn  terror grips  #paris in night of attacks  hostages being held in theater  police sa,attacks_paris_19.jpg,real,32,0,0,0.99515945,"[0.99515945, 0.00484051]","[0.5143659, 0.48563412]","[0.9461394, 0.053860653]"
rt  \@ia_diego  cnn  terror grips  #paris in night of attacks  hostages being held in theater  police sa,attacks_paris_19.jpg,real,32,0,0,0.99554175,"[0.99554175, 0.004458297]","[0.5066668, 0.49333322]","[0.94653344, 0.05346657]"
our hearts go all to  #paris in night of attacks  hostages being held in theater  police sa,attacks_paris_19.jpg,real,32,0,0,0.99472874,"[0.99472874, 0.0052712373]","[0.4143156, 0.5856844]","[0.9462598, 0.053740256]"
60 dead in  #paris in night of terrorist attacks  hostages being held in theater  police sa,attacks_paris_19.jpg,real,32,0,0,0.9947213,"[0.9947213, 0.005278719]","[0.42113018, 0.5788698]","[0.9462598, 0.053740256]"
hoping all friends are safe amp sound  so craz,attacks_paris_19.jpg,real,32,0,0,0.99194455,"[0.99194455, 0.008055535]","[0.42604277, 0.57395726]","[0.9428232, 0.057176825]"
cnn  terror grips  #paris in night of attacks  hostages being held in theater  police sa,attacks_paris_19.jpg,real,32,0,0,0.9942076,"[0.9942076, 0.005792396]","[0.478604, 0.52139604]","[0.94624877, 0.053751238]"
strongly condemn the terror attacks in paris        #paris  #terrorattack,attacks_paris_19.jpg,real,32,0,0,0.9953311,"[0.9953311, 0.004668895]","[0.4454168, 0.55458313]","[0.9455799, 0.05442007]"
rt  \@ajplus   #breaking  french police report at least 26 dead  possibly 60 held hostage in bataclan concert hall in pari,attacks_paris_20.jpg,real,32,0,0,0.9928779,"[0.9928779, 0.00712215]","[0.46327174, 0.53672826]","[0.92860395, 0.07139604]"
#breaking  french police report at least 26 dead  possibly 60 held hostage in bataclan concert hall in pari,attacks_paris_20.jpg,real,32,0,0,0.9929195,"[0.9929195, 0.0070805275]","[0.45414186, 0.54585814]","[0.9284745, 0.07152549]"
rt  \@coslive  breaking  terrorists reportedly take 60 hostages at eagles of death metal concert in pari,attacks_paris_22.jpg,real,32,0,0,0.931683,"[0.931683, 0.06831698]","[0.42453396, 0.57546604]","[0.6819307, 0.31806925]"
rt  \@hairydel  terrorists reportedly take 60 hostages at eagles of death metal concert in pari,attacks_paris_22.jpg,real,32,0,0,0.92440444,"[0.92440444, 0.07559559]","[0.4068549, 0.59314513]","[0.6817105, 0.3182895]"
rt  \@stuart_hepburn  rt  \@coslive  breaking terrorists take 60 hostages at eagles of death metal concert in paris   ht,attacks_paris_22.jpg,real,32,0,0,0.9508552,"[0.9508552, 0.049144804]","[0.44108003, 0.55892]","[0.684886, 0.31511402]"
rt  \@coslive  breaking terrorists take 60 hostages at eagles of death metal concert in pari,attacks_paris_22.jpg,real,32,0,0,0.9382268,"[0.9382268, 0.06177315]","[0.42888287, 0.57111716]","[0.6819307, 0.31806925]"
terrorists reportedly take 60 hostages at eagles of death metal concert in pari,attacks_paris_22.jpg,real,32,0,0,0.8934409,"[0.8934409, 0.1065591]","[0.31840226, 0.6815977]","[0.68131006, 0.31868997]"
breaking  terrorists reportedly take 60 hostages at eagles of death metal concert in pari,attacks_paris_22.jpg,real,32,0,0,0.9083266,"[0.9083266, 0.09167337]","[0.3429506, 0.65704936]","[0.68131006, 0.31868997]"
rt  \@telegraph  paris   the men came in and started shooting  everyone fell to the ground  it was hel,attacks_paris_23.jpg,real,32,0,0,0.99010664,"[0.99010664, 0.009893392]","[0.65725857, 0.3427415]","[0.95844984, 0.041550104]"
_rt_ telegraph  paris   the men came in and started shooting  everyone fell to the ground  it was hel,attacks_paris_23.jpg,real,32,0,0,0.99080884,"[0.99080884, 0.009191184]","[0.62307036, 0.3769296]","[0.9590591, 0.040940862]"
paris   the men came in and started shooting  everyone fell to the ground  it was hel,attacks_paris_23.jpg,real,32,0,0,0.9894028,"[0.9894028, 0.010597188]","[0.6265809, 0.3734191]","[0.9593287, 0.04067129]"
rt  \@morvan  photographer  \@manuwino sharing photos of eodm show at paris bataclan before the attack    #lif,attacks_paris_3.jpg,real,32,0,0,0.95596904,"[0.95596904, 0.044031024]","[0.5065334, 0.49346662]","[0.6986385, 0.3013615]"
rt  \@morvan  photographer  \@manuwino sharing photos of eodm show at paris bataclan before the attack    #lif,attacks_paris_3.jpg,real,32,0,0,0.95596904,"[0.95596904, 0.044031024]","[0.5065334, 0.49346662]","[0.6986385, 0.3013615]"
one instant before  paris  le bataclan  nov 13 2015 i will only recall these smiles   #lifeforeve,attacks_paris_3.jpg,real,32,0,0,0.9568253,"[0.9568253, 0.043174747]","[0.50719804, 0.49280193]","[0.6998067, 0.30019328]"
rt  \@dimitripiot  vivons libre eagles of death metal live at  #bataclan    #paris 13 novembre 2015    \@manuwin,attacks_paris_4.jpg,real,32,0,0,0.95866716,"[0.95866716, 0.041332882]","[0.52741504, 0.472585]","[0.61756784, 0.38243213]"
rt  \@gregfromparis  if photos of the bataclan should be shared  those are the one   smiling faces before horror   htt,attacks_paris_4.jpg,real,32,0,0,0.9646775,"[0.9646775, 0.03532249]","[0.5605557, 0.43944433]","[0.61843675, 0.38156325]"
rt  \@gregfromparis  if photos of the bataclan should be shared  those are the one   smiling faces before horror   htt,attacks_paris_4.jpg,real,32,0,0,0.9646775,"[0.9646775, 0.03532249]","[0.5605557, 0.43944433]","[0.61843675, 0.38156325]"
paris terrorist attack  amp  prophecy   photo of bataclan crowd selfie pre attack   read mor,attacks_paris_5.jpg,real,32,0,0,0.9776399,"[0.9776399, 0.022360053]","[0.4857688, 0.5142312]","[0.7098574, 0.29014254]"
they were just amped to watch a concert  so sa,attacks_paris_5.jpg,real,32,0,0,0.94525546,"[0.94525546, 0.054744557]","[0.54108614, 0.45891383]","[0.6974454, 0.3025546]"
rt  \@tetradio  h τελευταία φωτογραφία από το bataclan και την τραγική συναυλία των eagles of death meta,attacks_paris_5.jpg,real,32,0,0,0.97236395,"[0.97236395, 0.027636085]","[0.50951797, 0.49048206]","[0.7111884, 0.2888116]"
rt  \@metrouk  picture shows happy concert crowd inside bataclan theatre before 89 people were murdere,attacks_paris_5.jpg,real,32,0,0,0.968251,"[0.968251, 0.03174903]","[0.49164537, 0.50835466]","[0.710449, 0.28955102]"
rt  \@andpscott  confused fans have flooded the pitch here in  #pari,attacks_paris_6.jpg,real,32,0,0,0.994464,"[0.994464, 0.005536049]","[0.49796462, 0.5020353]","[0.9188541, 0.08114585]"
rt  \@stuart_hepburn  rt  \@andpscott  confused fans have flooded the pitch here in  #pari,attacks_paris_6.jpg,real,32,0,0,0.9946312,"[0.9946312, 0.0053687883]","[0.5181369, 0.48186308]","[0.91796416, 0.082035884]"
rt  \@molmccann  ugh    \@andpscott  confused fans have flooded the pitch here in  #pari,attacks_paris_6.jpg,real,32,0,0,0.99422175,"[0.99422175, 0.0057782517]","[0.51378536, 0.48621464]","[0.918048, 0.08195191]"
rt  \@rhugheswftv  now   \@andpscott  confused fans have flooded the pitch here in  #pari,attacks_paris_6.jpg,real,32,0,0,0.9946467,"[0.9946467, 0.005353273]","[0.51955235, 0.48044765]","[0.917663, 0.08233701]"
rt andpscott  confused fans have flooded the pitch here in  #paris    #infloodwetrus,attacks_paris_6.jpg,real,32,0,0,0.9941375,"[0.9941375, 0.005862447]","[0.5088335, 0.4911665]","[0.9188541, 0.08114585]"
ugh    \@andpscott  confused fans have flooded the pitch here in  #pari,attacks_paris_6.jpg,real,32,0,0,0.99402905,"[0.99402905, 0.0059710033]","[0.507434, 0.49256602]","[0.9178406, 0.08215937]"
rt  \@andpscott  confused fans have flooded the pitch here in  #pari,attacks_paris_6.jpg,real,32,0,0,0.994464,"[0.994464, 0.005536049]","[0.49796462, 0.5020353]","[0.9188541, 0.08114585]"
confused fans have flooded the pitch here in  #pari,attacks_paris_6.jpg,real,32,0,0,0.9933334,"[0.9933334, 0.006666648]","[0.45096084, 0.5490392]","[0.9178998, 0.082100235]"
retweeted andy scott   \@andpscott    confused fans have flooded the pitch here in  #pari,attacks_paris_6.jpg,real,32,0,0,0.99438584,"[0.99438584, 0.0056141154]","[0.52968997, 0.47031006]","[0.91807675, 0.08192322]"
now   \@andpscott  confused fans have flooded the pitch here in  #pari,attacks_paris_6.jpg,real,32,0,0,0.99431926,"[0.99431926, 0.005680782]","[0.5007758, 0.49922422]","[0.9178406, 0.08215937]"
fans have invaded the pitch as not allowed to leave stadium     #france  #germany  #pari,attacks_paris_6.jpg,real,32,0,0,0.9934197,"[0.9934197, 0.0065802704]","[0.43035075, 0.5696492]","[0.9178156, 0.082184434]"
confused fans have flooded the pitch here in  #pari,attacks_paris_6.jpg,real,32,0,0,0.9933334,"[0.9933334, 0.006666648]","[0.45096084, 0.5490392]","[0.9178998, 0.082100235]"
rt  \@twanrijpers  bizar  #parijs    \@andpscott  confused fans have flooded the pitch here in  #pari,attacks_paris_6.jpg,real,32,0,0,0.9941303,"[0.9941303, 0.0058696885]","[0.5189775, 0.48102248]","[0.9178643, 0.08213571]"
rt  \@news_watcher1  confused fans have flooded the pitch here in  #pari,attacks_paris_6.jpg,real,32,0,0,0.994086,"[0.994086, 0.0059138993]","[0.5140405, 0.4859595]","[0.9179527, 0.08204726]"
rt andpscott  confused fans have flooded the pitch here in  #pari,attacks_paris_6.jpg,real,32,0,0,0.9940268,"[0.9940268, 0.005973234]","[0.47729287, 0.52270716]","[0.9188541, 0.08114585]"
rt  \@celine_kiernan  rt  \@andpscott  confused fans have flooded the pitch here in  #pari,attacks_paris_6.jpg,real,32,0,0,0.9947395,"[0.9947395, 0.005260503]","[0.53491735, 0.46508268]","[0.9186732, 0.08132683]"
bizar  #parijs    \@andpscott  confused fans have flooded the pitch here in  #pari,attacks_paris_6.jpg,real,32,0,0,0.9940035,"[0.9940035, 0.0059964918]","[0.50554556, 0.49445444]","[0.9180339, 0.08196612]"
confused fans have flooded the pitch here in  #pari,attacks_paris_6.jpg,real,32,0,0,0.9933334,"[0.9933334, 0.006666648]","[0.45096084, 0.5490392]","[0.9178998, 0.082100235]"
rt  \@andpscott  confused fans have flooded the pitch here in  #pari,attacks_paris_6.jpg,real,32,0,0,0.994464,"[0.994464, 0.005536049]","[0.49796462, 0.5020353]","[0.9188541, 0.08114585]"
afpfr  rt andpscott  confused fans have flooded the pitch here in  #pari,attacks_paris_6.jpg,real,32,0,0,0.99374336,"[0.99374336, 0.0062567047]","[0.48176473, 0.51823527]","[0.9174714, 0.082528576]"
rt  \@andpscott  confused fans have flooded the pitch here in  #pari,attacks_paris_6.jpg,real,32,0,0,0.994464,"[0.994464, 0.005536049]","[0.49796462, 0.5020353]","[0.9188541, 0.08114585]"
rt  \@rakshit_chopra    \@andpscott  confused fans have flooded the pitch here in  #paris    \@ananthraghavan  \@a,attacks_paris_6.jpg,real,32,0,0,0.99392384,"[0.99392384, 0.0060761715]","[0.5194282, 0.4805718]","[0.9179507, 0.08204935]"
\@andpscott  confused fans have flooded the pitch here in  #paris   for  #pari,attacks_paris_6.jpg,real,32,0,0,0.9942537,"[0.9942537, 0.0057463]","[0.5189128, 0.48108727]","[0.9176779, 0.08232217]"
\@andpscott  confused fans have flooded the pitch here in  #paris    \@ananthraghavan  \@aamer728 pray fr pari,attacks_paris_6.jpg,real,32,0,0,0.9939891,"[0.9939891, 0.006010899]","[0.519991, 0.480009]","[0.91714036, 0.08285965]"
rt  \@kwekumorocco  this is really sad     #pari,attacks_paris_6.jpg,real,32,0,0,0.99320024,"[0.99320024, 0.0067997077]","[0.48300833, 0.5169916]","[0.9170529, 0.0829471]"
this is really sad     #pari,attacks_paris_6.jpg,real,32,0,0,0.99489564,"[0.99489564, 0.0051043644]","[0.52892697, 0.4710731]","[0.9178998, 0.082100235]"
rt  \@reuters  covered bodies are seen outside a restaurant following shooting in paris  live coverag,attacks_paris_8.jpg,real,32,0,0,0.9896327,"[0.9896327, 0.010367315]","[0.40495315, 0.5950468]","[0.9634397, 0.036560286]"
rt  \@isaranjuez  covered bodies are seen outside a restaurant following shooting in paris  liv,attacks_paris_8.jpg,real,32,0,0,0.9877807,"[0.9877807, 0.012219287]","[0.3888179, 0.6111821]","[0.9636646, 0.036335405]"
isaranjuez  rt reuters  covered bodies are seen outside a restaurant following shooting in paris  live coverag,attacks_paris_8.jpg,real,32,0,0,0.9901125,"[0.9901125, 0.0098875975]","[0.39647433, 0.60352564]","[0.9630537, 0.03694634]"
reuters  covered bodies are seen outside a restaurant following shooting in paris  live coverag,attacks_paris_8.jpg,real,32,0,0,0.9885833,"[0.9885833, 0.011416654]","[0.36452535, 0.6354746]","[0.96393394, 0.03606605]"
rt reuters  covered bodies are seen outside a restaurant following shooting in paris  live coverag,attacks_paris_8.jpg,real,32,0,0,0.9896674,"[0.9896674, 0.010332614]","[0.39685246, 0.6031475]","[0.9634397, 0.036560286]"
#reuters covered bodies are seen outside a restaurant following shooting in paris  live coverag,attacks_paris_8.jpg,real,32,0,0,0.9899421,"[0.9899421, 0.010057883]","[0.41371533, 0.5862847]","[0.9642835, 0.035716437]"
covered bodies are seen outside a restaurant following shooting in paris  live      \@reuter,attacks_paris_8.jpg,real,32,0,0,0.9903882,"[0.9903882, 0.009611808]","[0.40444538, 0.5955546]","[0.9641378, 0.035862207]"
at least 26 dead in attacks in central paris   via  \@usatoda,attacks_paris_8.jpg,real,32,0,0,0.9904959,"[0.9904959, 0.009504068]","[0.4604711, 0.5395289]","[0.9642104, 0.0357896]"
feeling for paris     #parisattacks  #parisshootin,attacks_paris_8.jpg,real,32,0,0,0.99128515,"[0.99128515, 0.008714818]","[0.48373988, 0.51626015]","[0.9630237, 0.03697628]"
#news covered bodies are seen outside a restaurant following shooting in paris  live coverag,attacks_paris_8.jpg,real,32,0,0,0.99241066,"[0.99241066, 0.0075893532]","[0.4352557, 0.5647443]","[0.964528, 0.035472024]"
covered bodies are seen outside a restaurant following shooting in paris  live coverag,attacks_paris_8.jpg,real,32,0,0,0.98955894,"[0.98955894, 0.010441106]","[0.32741383, 0.67258614]","[0.9638009, 0.036199115]"
reuters  covered bodies are seen outside a restaurant following shooting in paris  live coverag,attacks_paris_8.jpg,real,32,0,0,0.9885833,"[0.9885833, 0.011416654]","[0.36452535, 0.6354746]","[0.96393394, 0.03606605]"
reuters  covered bodies are seen outside a restaurant following shooting in paris  live coverag,attacks_paris_8.jpg,real,32,0,0,0.9885833,"[0.9885833, 0.011416654]","[0.36452535, 0.6354746]","[0.96393394, 0.03606605]"
covered bodies are seen outside a restaurant following shooting in paris  live coverag,attacks_paris_8.jpg,real,32,0,0,0.98955894,"[0.98955894, 0.010441106]","[0.32741383, 0.67258614]","[0.9638009, 0.036199115]"
covered bodies are seen outside a restaurant following shooting in  #paris       #parisshootin,attacks_paris_8.jpg,real,32,0,0,0.9857368,"[0.9857368, 0.014263183]","[0.3751799, 0.6248202]","[0.9635527, 0.036447268]"
covered bodies are seen outside a restaurant following shooting in paris  live     reuters b,attacks_paris_8.jpg,real,32,0,0,0.98695904,"[0.98695904, 0.013040998]","[0.3614282, 0.6385718]","[0.9641378, 0.035862207]"
\@reuters covered bodies are seen outside a restaurant following shooting in paris  live coverag,attacks_paris_8.jpg,real,32,0,0,0.9900305,"[0.9900305, 0.009969479]","[0.42147338, 0.5785266]","[0.96393394, 0.03606605]"
rt  \@julianroepcke  crazy   stade de france right now   #parisattack,attacks_paris_9.jpg,real,32,0,0,0.991471,"[0.991471, 0.00852905]","[0.5216907, 0.47830927]","[0.9412732, 0.058726814]"
photo  people inside stade de france after attacks reported in paris  reports fans cannot leave the stadium follo,attacks_paris_9.jpg,real,32,0,0,0.9895363,"[0.9895363, 0.010463703]","[0.38175958, 0.61824036]","[0.9422025, 0.05779754]"
rt  \@enlayt    \@julianroepcke  crazy   stade de france right now   #parisattacks    \@labcat10,attacks_paris_9.jpg,real,32,0,0,0.990629,"[0.990629, 0.009370915]","[0.54237217, 0.45762783]","[0.9420425, 0.057957496]"
\@julianroepcke  crazy   stade de france right now   #parisattacks    \@labcat10,attacks_paris_9.jpg,real,32,0,0,0.9911231,"[0.9911231, 0.008876869]","[0.5401677, 0.4598323]","[0.942362, 0.057637963]"
\@julianroepcke  crazy   stade de france right now   #parisattack,attacks_paris_9.jpg,real,32,0,0,0.991251,"[0.991251, 0.008748985]","[0.52574164, 0.47425842]","[0.94242024, 0.057579797]"
rt  \@savagenation  photo  people inside stade de france after attacks reported in paris  reports fans cannot leave the stadium follow  http,attacks_paris_9.jpg,real,32,0,0,0.9921881,"[0.9921881, 0.007811893]","[0.5072461, 0.49275392]","[0.9432727, 0.056727346]"
photo  people inside stade de france after attacks reported in paris  reports fans cannot leave the stadium follo,attacks_paris_9.jpg,real,32,0,0,0.9895363,"[0.9895363, 0.010463703]","[0.38175958, 0.61824036]","[0.9422025, 0.05779754]"
rt  \@stredni_trida  paris no,attacks_paris_9.jpg,real,32,0,0,0.9914649,"[0.9914649, 0.00853511]","[0.5449043, 0.4550957]","[0.9424198, 0.057580158]"
#breakingnews   photo  people inside stade de france after attacks reported in paris  repo,attacks_paris_9.jpg,real,32,0,0,0.9923419,"[0.9923419, 0.0076581268]","[0.5170828, 0.4829172]","[0.94166565, 0.05833431]"
photo  people inside stade de france after attacks reported in paris  reports fans cannot leave the stadium follo,attacks_paris_9.jpg,real,32,0,0,0.9895363,"[0.9895363, 0.010463703]","[0.38175958, 0.61824036]","[0.9422025, 0.05779754]"
photo  people inside stade de france after attacks reported in paris  reports fans cannot leave the stadium follo,attacks_paris_9.jpg,real,32,0,0,0.9895363,"[0.9895363, 0.010463703]","[0.38175958, 0.61824036]","[0.9422025, 0.05779754]"
bowie and lemmy together again     #lemmyrip   #bowieri,bowie_david_3.jpg,real,19,0,0,0.85391915,"[0.85391915, 0.14608087]","[0.42480305, 0.575197]","[0.54721355, 0.4527864]"
#davidbowie    #lemmy   i cant seem to find a pixure of bowie  lemmy   natalie cole together  \@iheartyma  \@byrdbardo,bowie_david_3.jpg,real,19,0,0,0.8678132,"[0.8678132, 0.13218682]","[0.5482257, 0.4517743]","[0.548474, 0.451526]"
bowie and lemmy together  1974   as found in san diego record stor,bowie_david_3.jpg,real,19,0,0,0.8297967,"[0.8297967, 0.17020336]","[0.32784975, 0.67215025]","[0.5535042, 0.4464958]"
rt  \@tommyjoeratliff   ️ ️ ️ ,bowie_david_3.jpg,real,19,0,0,0.86259705,"[0.86259705, 0.13740297]","[0.574379, 0.42562097]","[0.5510351, 0.44896492]"
rt  \@thedailybeast  tilda swinton on david bowie    he  looked like someone from the same planet as i di,bowie_david_3.jpg,real,19,0,0,0.79324645,"[0.79324645, 0.20675357]","[0.5444191, 0.45558086]","[0.5525464, 0.44745356]"
rt  \@marlownyc  tilda swinton on david bowie    he  looked like someone from the same planet as i di,bowie_david_3.jpg,real,19,0,0,0.77041185,"[0.77041185, 0.22958818]","[0.506417, 0.49358302]","[0.5484448, 0.45155516]"
rt  \@thefilmstage  tilda swinton reflects on the influence of david bowi,bowie_david_3.jpg,real,19,0,0,0.89113456,"[0.89113456, 0.10886541]","[0.47842175, 0.52157825]","[0.55549663, 0.44450337]"
rt  \@thedailybeast  tilda swinton on david bowie    he  looked like someone from the same planet as i di,bowie_david_3.jpg,real,19,0,0,0.79324645,"[0.79324645, 0.20675357]","[0.5444191, 0.45558086]","[0.5525464, 0.44745356]"
rt  \@thedailybeast  tilda swinton on david bowie    he  looked like someone from the same planet as i di,bowie_david_3.jpg,real,19,0,0,0.79324645,"[0.79324645, 0.20675357]","[0.5444191, 0.45558086]","[0.5525464, 0.44745356]"
rt  \@thedailybeast  tilda swinton on david bowie    he  looked like someone from the same planet as i di,bowie_david_3.jpg,real,19,0,0,0.79324645,"[0.79324645, 0.20675357]","[0.5444191, 0.45558086]","[0.5525464, 0.44745356]"
rt  \@thedailybeast  tilda swinton on david bowie    he  looked like someone from the same planet as i di,bowie_david_3.jpg,real,19,0,0,0.79324645,"[0.79324645, 0.20675357]","[0.5444191, 0.45558086]","[0.5525464, 0.44745356]"
rt  \@thedailybeast  tilda swinton on david bowie    he  looked like someone from the same planet as i di,bowie_david_3.jpg,real,19,0,0,0.79324645,"[0.79324645, 0.20675357]","[0.5444191, 0.45558086]","[0.5525464, 0.44745356]"
rt  \@dark_shark  words cannot express  rip david bowi,bowie_david_4.jpg,real,19,0,0,0.933952,"[0.933952, 0.06604804]","[0.48522735, 0.51477265]","[0.8311194, 0.16888061]"
rt  \@dark_shark  words cannot express  rip david bowi,bowie_david_4.jpg,real,19,0,0,0.933952,"[0.933952, 0.06604804]","[0.48522735, 0.51477265]","[0.8311194, 0.16888061]"
#davidbowie he felt like a bud  one of the gang  so sad 4 family  another very real reminder   life  so preciou,bowie_david_4.jpg,real,19,0,0,0.9325244,"[0.9325244, 0.06747558]","[0.5239597, 0.47604033]","[0.83142596, 0.16857402]"
rip  #davidbowie you were a true media   #innovato,bowie_david_4.jpg,real,19,0,0,0.94514894,"[0.94514894, 0.054851077]","[0.5546499, 0.44535008]","[0.83142596, 0.16857402]"
rt  \@networkisa   the years really do speed by  life really is as short as they tell you it is     david bowie   #mondaymotivatio,bowie_david_4.jpg,real,19,0,0,0.95678025,"[0.95678025, 0.04321975]","[0.6274814, 0.3725186]","[0.8330687, 0.16693127]"
rt  \@hotnewhiphop  rip david bowi,bowie_david_4.jpg,real,19,0,0,0.93581307,"[0.93581307, 0.06418694]","[0.48658013, 0.51341987]","[0.8306057, 0.16939431]"
glad we get to keep the music  #ripdavidbowi,bowie_david_4.jpg,real,19,0,0,0.9343789,"[0.9343789, 0.06562106]","[0.50295657, 0.4970435]","[0.83142596, 0.16857402]"
rt  \@musicaneo  after 18 month battle with cancer  david bowie dies at 69  leaving exceptional music legac,bowie_david_4.jpg,real,19,0,0,0.9327687,"[0.9327687, 0.06723131]","[0.4263173, 0.5736827]","[0.8251257, 0.17487434]"
r i p   #davidbowie he died peacefully today surrounded by his family after a courageous 18 month battle with cance,bowie_david_4.jpg,real,19,0,0,0.9177413,"[0.9177413, 0.0822587]","[0.468425, 0.53157496]","[0.83142596, 0.16857402]"
david bowie and catherine deneuve at the neptune diner in astoria  new york  1982  photo by jean claude deutsc,bowie_david_5.jpg,real,19,0,0,0.97210747,"[0.97210747, 0.027892506]","[0.35728255, 0.6427174]","[0.92613256, 0.07386741]"
david bowie and catherine deneuv,bowie_david_5.jpg,real,19,0,0,0.9715883,"[0.9715883, 0.028411705]","[0.36276346, 0.6372365]","[0.9252441, 0.07475595]"
rt  \@givemeastoria  david bowie and catherine deneuve relaxing at the neptune diner in astoria 1982  rip bowie image   \@queensgazett,bowie_david_5.jpg,real,19,0,0,0.97014344,"[0.97014344, 0.029856626]","[0.44128203, 0.55871797]","[0.9272746, 0.072725445]"
rt  \@photoshistos  david bowie et catherine deneuve  the hunger  1982  #histoire  #cinema  #musique  #ripdavidbowi,bowie_david_5.jpg,real,19,0,0,0.97406876,"[0.97406876, 0.025931237]","[0.46059904, 0.539401]","[0.92841774, 0.07158223]"
rt  \@movingimagenyc  too good not to pass on  via  \@queensgazette   #davidbowie  amp  catherine deneuve at the neptune diner in  #astoria  1982 ht,bowie_david_5.jpg,real,19,0,0,0.98077035,"[0.98077035, 0.01922972]","[0.54450786, 0.45549214]","[0.9268225, 0.07317758]"
rt  \@eyeglassesofky  david bowie and catherine deneuve at the neptune diner in astoria  new york  1982  photo by jean claude deutsc,bowie_david_5.jpg,real,19,0,0,0.973666,"[0.973666, 0.026333949]","[0.42557105, 0.5744289]","[0.92542535, 0.07457459]"
rt  \@movingimagenyc  too good not to pass on  via  \@queensgazette   #davidbowie  amp  catherine deneuve at the neptune diner in  #astoria  1982 ht,bowie_david_5.jpg,real,19,0,0,0.98077035,"[0.98077035, 0.01922972]","[0.54450786, 0.45549214]","[0.9268225, 0.07317758]"
rt  \@givemeastoria  david bowie and catherine deneuve relaxing at the neptune diner in astoria 1982  rip bowie image   \@queensgazett,bowie_david_5.jpg,real,19,0,0,0.97014344,"[0.97014344, 0.029856626]","[0.44128203, 0.55871797]","[0.9272746, 0.072725445]"
catherine  #deneuve  amp  david  #bowie   the hunger  1983  the dead lovers      \@gisleber,bowie_david_6.jpg,real,19,0,0,0.6820012,"[0.6820012, 0.31799886]","[0.49438253, 0.5056175]","[0.44537348, 0.5546265]"
david bowie and catherine deneuve relaxing at the neptune diner in astoria 1982  rip bowie image   \@queensgazett,bowie_david_6.jpg,real,19,0,0,0.6881631,"[0.6881631, 0.3118369]","[0.3931479, 0.6068521]","[0.44582352, 0.55417645]"
david bowie e catherine deneuve em foto promocional de fome de viver  the hunger  1983  dir  tony scot,bowie_david_6.jpg,real,19,0,0,0.7016102,"[0.7016102, 0.2983898]","[0.431276, 0.56872404]","[0.4409115, 0.55908847]"
rt  \@unifrance   #davidbowie  amp   #catherinedeneuve making  #thehunger  infinite sadness at  #unifranc,bowie_david_6.jpg,real,19,0,0,0.7232456,"[0.7232456, 0.27675432]","[0.49630213, 0.5036979]","[0.444054, 0.555946]"
rt  \@menschohnemusil  catherine deneuve  amp  david bowie    the hunge,bowie_david_6.jpg,real,19,0,0,0.696054,"[0.696054, 0.30394605]","[0.42384252, 0.57615745]","[0.44772902, 0.552271]"
rt  \@unifrance   #davidbowie  amp   #catherinedeneuve making  #thehunger  infinite sadness at  #unifranc,bowie_david_6.jpg,real,19,0,0,0.7232456,"[0.7232456, 0.27675432]","[0.49630213, 0.5036979]","[0.444054, 0.555946]"
rt  \@hubertnathalie  rt  \@mirkamartinelli  david bowie  amp  catherine deneuve   1982   by david bailey     \@mvoinche,bowie_david_6.jpg,real,19,0,0,0.7070887,"[0.7070887, 0.29291132]","[0.42108878, 0.5789112]","[0.43753466, 0.5624653]"
rt  \@ocineclube  david bowie e catherine deneuve em foto promocional de fome de viver  the hunger  1983  dir  tony scot,bowie_david_6.jpg,real,19,0,0,0.6921197,"[0.6921197, 0.30788025]","[0.41006863, 0.58993137]","[0.44084933, 0.55915064]"
rt  \@artlify  remembering     #davidbowie actor   david bowie and catherine deneuve  the hunger  directed by tony scott 198,bowie_david_6.jpg,real,19,0,0,0.704676,"[0.704676, 0.29532403]","[0.4356224, 0.56437755]","[0.44779786, 0.5522021]"
photos of the day for march 22  injured women at brussels airport following two explosion,brussels_explosions_5.jpg,real,18,0,0,0.87484694,"[0.87484694, 0.12515306]","[0.5888151, 0.41118494]","[0.7517968, 0.24820323]"
faces in fear tell more    2 wounded women are seen in  #brussels airport   #belgium   after explosions were hear,brussels_explosions_5.jpg,real,18,0,0,0.9008545,"[0.9008545, 0.09914549]","[0.53944594, 0.46055403]","[0.75638056, 0.24361944]"
two injured women covered in dust and blood after two explosions at brussels airport     afp phot,brussels_explosions_5.jpg,real,18,0,0,0.87520987,"[0.87520987, 0.12479017]","[0.5075774, 0.49242255]","[0.7479894, 0.25201055]"
usatoday  photo  these two women were wounded in explosions at  #brussels  airpor,brussels_explosions_5.jpg,real,18,0,0,0.90987194,"[0.90987194, 0.09012801]","[0.58120674, 0.41879323]","[0.75375015, 0.24624987]"
usatoday  photo  these two women were wounded in explosions at  #brussels  airpor,brussels_explosions_5.jpg,real,18,0,0,0.90987194,"[0.90987194, 0.09012801]","[0.58120674, 0.41879323]","[0.75375015, 0.24624987]"
photo  these two women were wounded in explosions at  #brussels  airpor,brussels_explosions_5.jpg,real,18,0,0,0.91582596,"[0.91582596, 0.08417403]","[0.5899105, 0.41008952]","[0.7517968, 0.24820323]"
이 모습에 황당함과 공포감을 함께 느낀다   two women sit on chairs after being injured in the brussels airport explosion,brussels_explosions_5.jpg,real,18,0,0,0.83026546,"[0.83026546, 0.16973457]","[0.49429, 0.50571007]","[0.7517968, 0.24820323]"
two women wounded in brussels airport after explosions  pic  georgian public broadcaster p,brussels_explosions_5.jpg,real,18,0,0,0.9103039,"[0.9103039, 0.089696094]","[0.5022108, 0.4977892]","[0.7571496, 0.24285041]"
two women wounded in brussels airport after explosions  pic  georgian public broadcaster p,brussels_explosions_5.jpg,real,18,0,0,0.9103039,"[0.9103039, 0.089696094]","[0.5022108, 0.4977892]","[0.7571496, 0.24285041]"
#photography   red fuji with red lenticular clouds    #landscape   please us,fuji_lenticular_2.jpg,real,13,0,0,0.8306694,"[0.8306694, 0.16933063]","[0.43843484, 0.5615651]","[0.58580804, 0.41419193]"
red fuji with red lenticular clouds by yuga    #500px  #landscape,fuji_lenticular_2.jpg,real,13,0,0,0.80708265,"[0.80708265, 0.19291733]","[0.35543525, 0.64456475]","[0.5910154, 0.40898463]"
#landscape  #paisajes   red fuji with red lenticular clouds by yug,fuji_lenticular_2.jpg,real,13,0,0,0.8484797,"[0.8484797, 0.15152028]","[0.36158887, 0.6384111]","[0.58673674, 0.41326326]"
popular on 500px   red fuji with red lenticular clouds by yuga  #landscapes  #updatl,fuji_lenticular_2.jpg,real,13,0,0,0.83072376,"[0.83072376, 0.1692762]","[0.38054952, 0.61945045]","[0.5832176, 0.41678238]"
popular on 500px   red fuji with red lenticular clouds by yuga   m,fuji_lenticular_2.jpg,real,13,0,0,0.7657736,"[0.7657736, 0.23422639]","[0.3752083, 0.62479174]","[0.5882661, 0.4117339]"
what a beautiful world    red fuji with red lenticular clouds by yug,fuji_lenticular_2.jpg,real,13,0,0,0.82326543,"[0.82326543, 0.17673458]","[0.3787652, 0.6212348]","[0.5910154, 0.40898463]"
rt  popular  #photography on  #500px   red fuji with red lenticular clouds by yuga   via  \@pekkapuhakk,fuji_lenticular_2.jpg,real,13,0,0,0.8077234,"[0.8077234, 0.19227666]","[0.3789632, 0.62103677]","[0.5878358, 0.41216418]"
＠snapharmony   popular on 500px   red fuji with red lenticular clouds by yug,fuji_lenticular_2.jpg,real,13,0,0,0.7965601,"[0.7965601, 0.20343989]","[0.3085981, 0.6914019]","[0.5862577, 0.41374233]"
red fuji with red lenticular clouds par yuga   via  #photo  #landscape  #amazin,fuji_lenticular_2.jpg,real,13,0,0,0.8348664,"[0.8348664, 0.16513361]","[0.44306985, 0.5569302]","[0.5910154, 0.40898463]"
red fuji with red lenticular clouds by yuga  #photomonde  #worldpictur,fuji_lenticular_2.jpg,real,13,0,0,0.8568349,"[0.8568349, 0.14316511]","[0.37997994, 0.62002003]","[0.5887361, 0.41126382]"
#landscape  #photography   red fuji with red lenticular clouds by yug,fuji_lenticular_2.jpg,real,13,0,0,0.8277031,"[0.8277031, 0.17229688]","[0.36724073, 0.6327592]","[0.5910154, 0.40898463]"
ninhtran09  red fuji with red lenticular clouds     yuga  #landscape,fuji_lenticular_2.jpg,real,13,0,0,0.7941045,"[0.7941045, 0.20589548]","[0.34222192, 0.657778]","[0.5898482, 0.41015178]"
red fuji with red lenticular clouds   foto de yuga   #vivetuplanet,fuji_lenticular_2.jpg,real,13,0,0,0.8137782,"[0.8137782, 0.18622178]","[0.33937326, 0.66062677]","[0.5910154, 0.40898463]"
＠zaibatsuplanet  red fuji with red lenticular clouds by yuga  #phot,fuji_lenticular_2.jpg,real,13,0,0,0.82940096,"[0.82940096, 0.17059906]","[0.34055623, 0.65944374]","[0.586077, 0.413923]"
red fuji with red lenticular clouds by yug,fuji_lenticular_2.jpg,real,13,0,0,0.8230776,"[0.8230776, 0.17692235]","[0.31645223, 0.6835478]","[0.5910154, 0.40898463]"
red fuji with red lenticular clouds by yuga via  \@marwanc,fuji_lenticular_2.jpg,real,13,0,0,0.79942197,"[0.79942197, 0.2005781]","[0.4035157, 0.5964843]","[0.5880676, 0.41193244]"
red fuji with red lenticular clouds by yuga via  \@marwanc,fuji_lenticular_2.jpg,real,13,0,0,0.79942197,"[0.79942197, 0.2005781]","[0.4035157, 0.5964843]","[0.5880676, 0.41193244]"
red fuji with red lenticular clouds  por yuga  #fotosred  #fotografí,fuji_lenticular_2.jpg,real,13,0,0,0.83908653,"[0.83908653, 0.16091345]","[0.37221825, 0.62778175]","[0.5910154, 0.40898463]"
red fuji with red lenticular clouds  #siguemeytesigo  #teamfollowback  #sougofollo,fuji_lenticular_2.jpg,real,13,0,0,0.8117155,"[0.8117155, 0.18828447]","[0.4485118, 0.5514882]","[0.58456737, 0.41543263]"
red fuji with red lenticular clouds by  #yuga popular on  #500p,fuji_lenticular_2.jpg,real,13,0,0,0.7872995,"[0.7872995, 0.21270047]","[0.34463954, 0.65536046]","[0.58527446, 0.41472554]"
popular on 500px   red fuji with red lenticular clouds by yug,fuji_lenticular_2.jpg,real,13,0,0,0.7673837,"[0.7673837, 0.2326163]","[0.34262833, 0.65737164]","[0.5878621, 0.41213793]"
red fuji with red lenticular clouds  by yuga     #landscape,fuji_lenticular_2.jpg,real,13,0,0,0.8385797,"[0.8385797, 0.16142032]","[0.34812614, 0.6518738]","[0.5910154, 0.40898463]"
red fuji with red lenticular clouds by yuga    #photography  #popularphotos retwee,fuji_lenticular_2.jpg,real,13,0,0,0.8412401,"[0.8412401, 0.15875988]","[0.3901281, 0.60987186]","[0.5910154, 0.40898463]"
popular on 500px   red fuji with red lenticular clouds by yuga  #photograph,fuji_lenticular_2.jpg,real,13,0,0,0.7824071,"[0.7824071, 0.21759292]","[0.3493846, 0.6506154]","[0.5878621, 0.41213793]"
red fuji with red lenticular clouds  #popular  #amazing  #image  #picture  #capture  #snap  #beautiful  #wow  #click  #lov,fuji_lenticular_2.jpg,real,13,0,0,0.8182712,"[0.8182712, 0.18172882]","[0.42096972, 0.57903033]","[0.58580804, 0.41419193]"
#popular   red fuji with red lenticular clouds by yuga  #dailyinspiration   #photography   #photo  #inspiratio,fuji_lenticular_2.jpg,real,13,0,0,0.8485183,"[0.8485183, 0.15148167]","[0.4494501, 0.55054986]","[0.5910154, 0.40898463]"
popular on 500px   red fuji with red lenticular clouds by yug,fuji_lenticular_2.jpg,real,13,0,0,0.7673837,"[0.7673837, 0.2326163]","[0.34262833, 0.65737164]","[0.5878621, 0.41213793]"
red fuji with red lenticular clouds by yuga kurita  #photo  #nature  #landscape  #фото  #природа  #пейзаж  #beautiful  #pret,fuji_lenticular_2.jpg,real,13,0,0,0.79248303,"[0.79248303, 0.20751697]","[0.39365566, 0.60634434]","[0.58942616, 0.4105739]"
red fuji with red lenticular clouds by yuga kurit,fuji_lenticular_2.jpg,real,13,0,0,0.8384911,"[0.8384911, 0.16150889]","[0.2926726, 0.7073274]","[0.58942616, 0.4105739]"
red fuji with red lenticular clouds by yuga kurita   via  \@raredivergen,fuji_lenticular_2.jpg,real,13,0,0,0.81173664,"[0.81173664, 0.18826333]","[0.43630412, 0.5636959]","[0.58577514, 0.4142249]"
red fuji with red lenticular clouds by yuga kurit,fuji_lenticular_2.jpg,real,13,0,0,0.8384911,"[0.8384911, 0.16150889]","[0.2926726, 0.7073274]","[0.58942616, 0.4105739]"
rt    #photo   red fuji with red lenticular clouds by yuga kurita  #写,fuji_lenticular_2.jpg,real,13,0,0,0.82947665,"[0.82947665, 0.1705233]","[0.4222835, 0.5777165]","[0.58942616, 0.4105739]"
red fuji with red lenticular clouds by yuga kurita by   \@ 500p,fuji_lenticular_2.jpg,real,13,0,0,0.8633292,"[0.8633292, 0.13667077]","[0.38429284, 0.61570716]","[0.58702224, 0.41297778]"
red fuji with red lenticular clouds by yuga kurita     #bestof500p,fuji_lenticular_2.jpg,real,13,0,0,0.8056984,"[0.8056984, 0.19430155]","[0.36495027, 0.6350497]","[0.58942616, 0.4105739]"
red fuji with red lenticular clouds by yuga kurita  #photography  #photo  #фотографи,fuji_lenticular_2.jpg,real,13,0,0,0.8068419,"[0.8068419, 0.19315812]","[0.37684825, 0.6231517]","[0.58726597, 0.41273403]"
＠hacerfotos  red fuji with red lenticular clouds by yuga kurita    #photography  #nikon krit,fuji_lenticular_2.jpg,real,13,0,0,0.8268534,"[0.8268534, 0.17314665]","[0.39095917, 0.60904086]","[0.5873921, 0.4126079]"
red fuji with red lenticular clouds by yuga kurita    #photography  #nikon  \@kritayug,fuji_lenticular_2.jpg,real,13,0,0,0.81767064,"[0.81767064, 0.1823294]","[0.3925591, 0.6074409]","[0.585307, 0.41469306]"
rt  \@hacerfotos red fuji with red lenticular clouds by yuga kurita  #photography  #nikon  \@kritayug,fuji_lenticular_2.jpg,real,13,0,0,0.8007758,"[0.8007758, 0.19922417]","[0.39722916, 0.60277086]","[0.5897688, 0.4102311]"
remember to look up today to find something beautiful   photo by  \@kritayuga  red fuji with red lenticular cloud,fuji_lenticular_2.jpg,real,13,0,0,0.81073314,"[0.81073314, 0.18926683]","[0.4161704, 0.58382964]","[0.58694786, 0.4130522]"
#unbelievable nature    #fuji created huge lenticular clouds and they were painted red a,fuji_lenticular_2.jpg,real,13,0,0,0.77080625,"[0.77080625, 0.22919376]","[0.47088155, 0.5291185]","[0.58968294, 0.410317]"
reddit is   earth porn  page    fuji created huge lenticular clouds and they were painte,fuji_lenticular_2.jpg,real,13,0,0,0.79827696,"[0.79827696, 0.20172302]","[0.36696875, 0.63303125]","[0.5958736, 0.40412647]"
#earthporn   fuji created huge lenticular clouds and they were painted red at the sunris,fuji_lenticular_2.jpg,real,13,0,0,0.78436697,"[0.78436697, 0.21563299]","[0.41700566, 0.58299434]","[0.58580804, 0.41419193]"
#fuji created huge lenticular clouds and they were painted red at the sunrise  it feels ,fuji_lenticular_2.jpg,real,13,0,0,0.81162155,"[0.81162155, 0.18837847]","[0.44912553, 0.5508744]","[0.58968294, 0.410317]"
fuji created huge lenticular clouds and they were painted red at the sunri     #earthpor,fuji_lenticular_2.jpg,real,13,0,0,0.73771363,"[0.73771363, 0.26228637]","[0.35966474, 0.64033526]","[0.58613235, 0.41386768]"
fuji created huge lenticular clouds and they were painte,fuji_lenticular_2.jpg,real,13,0,0,0.6904227,"[0.6904227, 0.30957735]","[0.3171114, 0.6828886]","[0.58580804, 0.41419193]"
fuji created huge lenticular clouds and they were painted red at the sunrise  it feel,fuji_lenticular_2.jpg,real,13,0,0,0.73464817,"[0.73464817, 0.26535183]","[0.32272786, 0.67727214]","[0.58580804, 0.41419193]"
fuji created huge lenticular clouds and they were painted red at the sunrise  it feels cool and really nice in th,fuji_lenticular_2.jpg,real,13,0,0,0.73111224,"[0.73111224, 0.26888776]","[0.32064286, 0.6793571]","[0.58580804, 0.41419193]"
lenticular clouds over mt  fuji at the sunrise  photo by yuga kurita  taken on september 13  201,fuji_lenticular_2.jpg,real,13,0,0,0.83529794,"[0.83529794, 0.16470204]","[0.29966417, 0.7003358]","[0.59224004, 0.40775996]"
reddit blog   fuji created huge lenticular clouds and they were pai      via  \@reddit  #new,fuji_lenticular_2.jpg,real,13,0,0,0.80032676,"[0.80032676, 0.1996733]","[0.40143806, 0.5985619]","[0.59116054, 0.40883943]"
fuji created huge lenticular clouds and they were painted red at the sunrise  it feels c,fuji_lenticular_2.jpg,real,13,0,0,0.7168704,"[0.7168704, 0.28312957]","[0.3150595, 0.68494046]","[0.58580804, 0.41419193]"
reddit   fuji created huge lenticular clouds and they were painted red at the sunris,fuji_lenticular_2.jpg,real,13,0,0,0.770235,"[0.770235, 0.22976495]","[0.3143743, 0.68562573]","[0.5958736, 0.40412647]"
Red Fuji Onuma Yamanashi # Jap-nam,fuji_lenticular_2.jpg,real,13,0,0,0.80629736,"[0.80629736, 0.19370262]","[0.4062625, 0.5937375]","[0.589329, 0.41067097]"
respect us  we are not fair game  even when we are naked      performance artist  \@milomoire cologne cathedra,immigrants_6.jpg,real,30,0,0,0.98764825,"[0.98764825, 0.012351809]","[0.5082946, 0.4917054]","[0.86849594, 0.13150404]"
rt  \@axelletess   respect us  we are not fair game  even when we are naked     artist m moire in cologne  via   http,immigrants_6.jpg,real,30,0,0,0.99096465,"[0.99096465, 0.009035351]","[0.55908453, 0.4409155]","[0.8754161, 0.12458387]"
\@milomoire body ar,immigrants_7.jpg,real,30,0,0,0.88664305,"[0.88664305, 0.113356926]","[0.48124352, 0.5187565]","[0.6654846, 0.33451542]"
anti rape protester in germany   respect us  we are not fair game  even if we are naked   #milomoir,immigrants_7.jpg,real,30,0,0,0.91056436,"[0.91056436, 0.08943559]","[0.42644197, 0.57355803]","[0.6711687, 0.32883132]"
rt  \@st_nudist  nude cologne protest   we are not fair game  even when we are naked     via  \@breitbartnew,immigrants_7.jpg,real,30,0,0,0.89671034,"[0.89671034, 0.10328965]","[0.4359982, 0.56400174]","[0.66997784, 0.33002213]"
we need more anti rape protesters in americ,immigrants_7.jpg,real,30,0,0,0.90162027,"[0.90162027, 0.09837977]","[0.3839732, 0.61602676]","[0.6702233, 0.3297767]"
milo moire performed naked in front of cologne cathedral  #sextremism  #womenrights  #rio,immigrants_8.jpg,real,30,0,0,0.6572907,"[0.6572907, 0.34270927]","[0.49801022, 0.5019898]","[0.47732866, 0.5226714]"
kindest thanks  \@milomoire for remarkable support for victims of violent  #islamists attack,immigrants_8.jpg,real,30,0,0,0.6934164,"[0.6934164, 0.30658355]","[0.48868755, 0.5113124]","[0.47292647, 0.5270735]"
rt  \@femen_movement  milo moire performed naked in front of cologne cathedral  #sextremism  #womenrights  #riot    http,immigrants_8.jpg,real,30,0,0,0.73412234,"[0.73412234, 0.26587766]","[0.56883395, 0.43116605]","[0.47649238, 0.5235076]"
rt  \@femen_movement  milo moire performed naked in front of cologne cathedral  #sextremism  #womenrights  #riot    http,immigrants_8.jpg,real,30,0,0,0.73412234,"[0.73412234, 0.26587766]","[0.56883395, 0.43116605]","[0.47649238, 0.5235076]"
rt  \@gemsmaquillage  i admire france for their freedom  amp  dedication to separation of church  amp  state  #jesuischarlie  image  \@cvillanove  htt,not_afraid_3.jpg,real,22,0,0,0.9949694,"[0.9949694, 0.005030545]","[0.52351904, 0.47648102]","[0.9627731, 0.037226908]"
rt  \@gemsmaquillage  i admire france for their freedom  amp  dedication to separation of church  amp  state  #jesuischarlie  image  \@cvillanove  htt,not_afraid_3.jpg,real,22,0,0,0.9949694,"[0.9949694, 0.005030545]","[0.52351904, 0.47648102]","[0.9627731, 0.037226908]"
Nacht \ @stearnikki #jesuceril,not_afraid_3.jpg,real,22,0,0,0.993357,"[0.993357, 0.0066430005]","[0.5827746, 0.41722545]","[0.9616336, 0.03836639]"
Nacht \ @stearnikki #jesuceril,not_afraid_3.jpg,real,22,0,0,0.993357,"[0.993357, 0.0066430005]","[0.5827746, 0.41722545]","[0.9616336, 0.03836639]"
rt  \@cvillanove   not afraid   #charliehedbo  #jesuischarli,not_afraid_3.jpg,real,22,0,0,0.9957411,"[0.9957411, 0.004258869]","[0.5132347, 0.48676538]","[0.96203625, 0.037963763]"
rt  \@cvillanove   not afraid   #charliehedbo  #jesuischarli,not_afraid_3.jpg,real,22,0,0,0.9957411,"[0.9957411, 0.004258869]","[0.5132347, 0.48676538]","[0.96203625, 0.037963763]"
rt  \@cvillanove   not afraid   #charliehedbo  #jesuischarli,not_afraid_3.jpg,real,22,0,0,0.9957411,"[0.9957411, 0.004258869]","[0.5132347, 0.48676538]","[0.96203625, 0.037963763]"
rt  \@photojournalism  beautiful sight from paris by thibault camus  \@ap_image,not_afraid_4.jpg,real,22,0,0,0.99489427,"[0.99489427, 0.005105778]","[0.5349278, 0.46507218]","[0.9476914, 0.052308556]"
rt  \@photojournalism  beautiful sight from paris by thibault camus  \@ap_image,not_afraid_4.jpg,real,22,0,0,0.99489427,"[0.99489427, 0.005105778]","[0.5349278, 0.46507218]","[0.9476914, 0.052308556]"
rt  \@mraymondjames  powerful   #notafraid je suis charlie rt  \@photojournalism  beautiful sight from paris by thibault camus  \@ap_image,not_afraid_4.jpg,real,22,0,0,0.9952493,"[0.9952493, 0.004750716]","[0.5350805, 0.46491954]","[0.94745153, 0.05254842]"
rt  \@cassandrajar    \@photojournalism  beautiful sight from paris by thibault camus  \@ap_image,not_afraid_4.jpg,real,22,0,0,0.99452305,"[0.99452305, 0.005476942]","[0.5393493, 0.46065068]","[0.94788253, 0.052117433]"
rt  \@toby_regbo  humanit,not_afraid_4.jpg,real,22,0,0,0.9929213,"[0.9929213, 0.007078717]","[0.5729232, 0.42707682]","[0.9469603, 0.05303965]"
sending love and prayers to all my friends in paris    #jesuischarli,not_afraid_4.jpg,real,22,0,0,0.995899,"[0.995899, 0.0041009164]","[0.50135887, 0.49864113]","[0.94576347, 0.054236505]"
rt  \@abc   not afraid    thousands in france gather to a send message after charlie hebdo attac,not_afraid_4.jpg,real,22,0,0,0.9945074,"[0.9945074, 0.0054926365]","[0.54169923, 0.45830074]","[0.94726676, 0.052733243]"
rt  \@nytvideo  parisians discussed what the shooting could mean for france and its large muslim populatio,not_afraid_4.jpg,real,22,0,0,0.9941157,"[0.9941157, 0.0058842697]","[0.4947902, 0.5052098]","[0.9466229, 0.05337705]"
rt  \@sara__firth  powerful image  beautiful message   #paris  not afraid  photo thibault camus  \@ap_image,not_afraid_4.jpg,real,22,0,0,0.99616194,"[0.99616194, 0.003838082]","[0.5529147, 0.44708535]","[0.9478008, 0.05219914]"
rt  \@sara__firth  powerful image  beautiful message   #paris  not afraid  photo thibault camus  \@ap_image,not_afraid_4.jpg,real,22,0,0,0.99616194,"[0.99616194, 0.003838082]","[0.5529147, 0.44708535]","[0.9478008, 0.05219914]"
rt  \@time  parisians hold vigil for dead in  charlie hebdo  attack  photo   \@ap_image,not_afraid_4.jpg,real,22,0,0,0.9961467,"[0.9961467, 0.003853361]","[0.5058565, 0.4941435]","[0.94799536, 0.05200462]"
rt  \@oldfarmtruck  thousands of french people protest islamic terror no looting respecting public  amp  private prop  #tco,not_afraid_4.jpg,real,22,0,0,0.9946365,"[0.9946365, 0.005363507]","[0.4961747, 0.5038253]","[0.9472089, 0.05279112]"
rt  \@earth_post  thoughts and prayers with all in paris today  stay stron,not_afraid_4.jpg,real,22,0,0,0.99521506,"[0.99521506, 0.004784963]","[0.58007103, 0.419929]","[0.9469792, 0.05302083]"
rt  \@bipartisanism  there is nothing more beautiful than when us humans come together to fight hate    #parisshooting  #charliehedb,not_afraid_4.jpg,real,22,0,0,0.9944758,"[0.9944758, 0.005524233]","[0.5367703, 0.46322972]","[0.94708, 0.05292001]"
rt  \@kon__k  brilliant    paris right now    freedom of speech cannot be silenced    #charliehebdo  #jesusischarlie photo via  \@a,not_afraid_4.jpg,real,22,0,0,0.99559647,"[0.99559647, 0.004403521]","[0.53533375, 0.46466625]","[0.9466082, 0.053391848]"
rt  \@theryanadams   #jesuischarli,not_afraid_4.jpg,real,22,0,0,0.9935057,"[0.9935057, 0.0064942446]","[0.5533176, 0.44668236]","[0.94664353, 0.05335643]"
rt  \@ldn  paris last night  #charliehebd,not_afraid_4.jpg,real,22,0,0,0.99497247,"[0.99497247, 0.0050274907]","[0.5817562, 0.41824383]","[0.9464088, 0.053591162]"
rt  \@rahafharfoush  we are not afraid  #republique  #jesuischarli,not_afraid_5.jpg,real,22,0,0,0.8738294,"[0.8738294, 0.12617059]","[0.48807383, 0.5119262]","[0.5422923, 0.45770773]"
#pegida demonstrators praise hungary is  orban call  #merkel  queen of traffickers  n  amother terrorista    #dresde,protest_1.jpg,real,15,0,0,0.91932195,"[0.91932195, 0.080678016]","[0.4129256, 0.58707434]","[0.58266747, 0.41733253]"
\@roadtostatus  how to talk to your kids about immigration    #roadtostatus  #immigrationactio,protest_2.jpg,real,15,0,0,0.99347985,"[0.99347985, 0.0065201735]","[0.5052319, 0.49476805]","[0.9441884, 0.055811618]"
rt  \@arnews1936  germans demand merkel resign immediately for destroying germany with 800 000 muslims         via  \@adj,protest_4.jpg,real,15,0,0,0.95321095,"[0.95321095, 0.046789035]","[0.5085843, 0.49141565]","[0.762376, 0.23762399]"
rt  \@crbillingr  wake up  #sjws  #endviolenceagainstwomen time to  #istandwithsweden and  #istandwithgermany stop  #rape  \@paulinaforslun,protest_5.jpg,real,15,0,0,0.9931021,"[0.9931021, 0.006897943]","[0.48724693, 0.5127531]","[0.83113694, 0.16886307]"
rt  \@thecurrentcbc   \@mikexenos on social media is  importance in political engagement   #pegida l,protest_5.jpg,real,15,0,0,0.99328095,"[0.99328095, 0.0067190384]","[0.44177437, 0.5582257]","[0.83012193, 0.16987807]"
rt  \@mailonline  feminists and far right groups hold separate rallies in cologn,protest_6.jpg,real,15,0,0,0.981935,"[0.981935, 0.018064952]","[0.43695346, 0.5630465]","[0.7612801, 0.23871993]"
rt  \@dvatw  rape by third world immigrants does not seem to bother germany  but protesting about it doe,protest_6.jpg,real,15,0,0,0.9810323,"[0.9810323, 0.01896768]","[0.41212934, 0.5878706]","[0.7612254, 0.23877463]"
rt  \@middleeasteye   sexual violence is not specific to any ethnicit,protest_6.jpg,real,15,0,0,0.98185515,"[0.98185515, 0.01814486]","[0.42796603, 0.57203394]","[0.7605467, 0.23945335]"
rt  \@ecentauri   #germany is  \@ boiling point after horrific mass attacks on women in  #cologn,protest_6.jpg,real,15,0,0,0.9836822,"[0.9836822, 0.016317762]","[0.46368462, 0.5363154]","[0.76275826, 0.23724169]"
\@refugeewatcher  tensions continue in germany        #rapefugees not welcome    #muslimonster,protest_6.jpg,real,15,0,0,0.9841956,"[0.9841956, 0.015804397]","[0.44799984, 0.5520002]","[0.7586478, 0.2413522]"
rt  \@walidshoebat  not again  mob of  seven to ten asylum seekers  surround pair of eleven year old germa,protest_6.jpg,real,15,0,0,0.98124677,"[0.98124677, 0.018753203]","[0.42617545, 0.5738245]","[0.7618321, 0.23816791]"
in other news  it took  #pegida 9 days to come up with the term   rapefugees   seriously    #koelnhb,protest_6.jpg,real,15,0,0,0.9750254,"[0.9750254, 0.024974592]","[0.5198046, 0.48019534]","[0.7586391, 0.24136093]"
rt  \@labarbemanu  in other news  it took  #pegida 9 days to come up with the term   rapefugees   seriously    #koelnhb,protest_6.jpg,real,15,0,0,0.97729343,"[0.97729343, 0.02270655]","[0.53853726, 0.46146268]","[0.752788, 0.24721202]"
pegida   fortress europe   mass protests next month      good news    back these all wa,protest_8.jpg,real,15,0,0,0.7569842,"[0.7569842, 0.2430158]","[0.4244502, 0.57554984]","[0.43106377, 0.5689363]"
rt  \@telegraph  german minister  calls for special conference to address rising far right violenc,protest_8.jpg,real,15,0,0,0.7486115,"[0.7486115, 0.25138852]","[0.3688546, 0.6311454]","[0.42668962, 0.5733104]"
rt  \@telegraph  german minister  calls for special conference to address rising far right violenc,protest_8.jpg,real,15,0,0,0.7486115,"[0.7486115, 0.25138852]","[0.3688546, 0.6311454]","[0.42668962, 0.5733104]"
rt  \@strthr,protest_9.jpg,real,15,0,0,0.9825653,"[0.9825653, 0.017434705]","[0.5728634, 0.42713663]","[0.9125776, 0.08742238]"
rt  \@strthr,protest_9.jpg,real,15,0,0,0.9825653,"[0.9825653, 0.017434705]","[0.5728634, 0.42713663]","[0.9125776, 0.08742238]"
rt  \@strthr,protest_9.jpg,real,15,0,0,0.9825653,"[0.9825653, 0.017434705]","[0.5728634, 0.42713663]","[0.9125776, 0.08742238]"
#refugees wait to enter a refugee camp in gevgelija  #macedonia  for  \@nytimes  \@nytimesphot,refugees_10.jpg,real,29,0,0,0.9781,"[0.9781, 0.021900013]","[0.53448534, 0.46551472]","[0.773986, 0.22601403]"
rt  \@samuel_aranda_   #refugees wait to enter a refugee camp in gevgelija  #macedonia  for  \@nytimes  \@nytimesphoto    ht,refugees_10.jpg,real,29,0,0,0.9802238,"[0.9802238, 0.019776182]","[0.5714459, 0.42855418]","[0.7719906, 0.22800942]"
rt  \@humzayousaf  for those think refugees come europe for life of luxury  does this look like luxury  we would not last a day in camps htt,refugees_11.jpg,real,29,0,0,0.62829155,"[0.62829155, 0.37170842]","[0.5022302, 0.4977698]","[0.4808503, 0.5191497]"
rt  \@humzayousaf  for those think refugees come europe for life of luxury  does this look like luxury  we would not last a day in camps htt,refugees_11.jpg,real,29,0,0,0.62829155,"[0.62829155, 0.37170842]","[0.5022302, 0.4977698]","[0.4808503, 0.5191497]"
rt  \@humzayousaf  for those think refugees come europe for life of luxury  does this look like luxury  we would not last a day in camps htt,refugees_11.jpg,real,29,0,0,0.62829155,"[0.62829155, 0.37170842]","[0.5022302, 0.4977698]","[0.4808503, 0.5191497]"
rt  \@babarbloch  hegyeshalom   #hungary  refugees long walk to freedom   #europe provides sanctuar,refugees_12.jpg,real,29,0,0,0.9926528,"[0.9926528, 0.0073471754]","[0.44487962, 0.55512035]","[0.8909892, 0.109010845]"
rt  \@babarbloch  hegyeshalom   #hungary  refugees long walk to freedom   #europe provides sanctuar,refugees_12.jpg,real,29,0,0,0.9926528,"[0.9926528, 0.0073471754]","[0.44487962, 0.55512035]","[0.8909892, 0.109010845]"
rt  \@refugees  vulnerable refugees   migrants are in need of protection   assistance  our strategy     #europ,refugees_15.jpg,real,29,0,0,0.73183614,"[0.73183614, 0.26816386]","[0.44137913, 0.5586208]","[0.5765363, 0.42346373]"
rt  \@refugees  vulnerable refugees   migrants are in need of protection   assistance  our strategy     #europ,refugees_15.jpg,real,29,0,0,0.73183614,"[0.73183614, 0.26816386]","[0.44137913, 0.5586208]","[0.5765363, 0.42346373]"
rt  \@unrefugeeagency  these photos show another face of the  #refugeecrisis     #supportrefugees  #refugee,refugees_16.jpg,real,29,0,0,0.5996565,"[0.5996565, 0.40034345]","[0.4882208, 0.51177925]","[0.43736878, 0.5626312]"
rt  \@unrefugeeagency  these photos show another face of the  #refugeecrisis     #supportrefugees  #refugee,refugees_16.jpg,real,29,0,0,0.5996565,"[0.5996565, 0.40034345]","[0.4882208, 0.51177925]","[0.43736878, 0.5626312]"
rt  \@refugees  earlier today  syrian refugees walk toward austria after getting off buses from hungar,refugees_4.jpg,real,29,0,0,0.60554373,"[0.60554373, 0.39445624]","[0.4835618, 0.5164382]","[0.4306094, 0.5693906]"
rt  \@refugees  earlier today  syrian refugees walk toward austria after getting off buses from hungar,refugees_4.jpg,real,29,0,0,0.60554373,"[0.60554373, 0.39445624]","[0.4835618, 0.5164382]","[0.4306094, 0.5693906]"
rt  \@refugees  there should be more opportunities for people to come legally to europe  amp  find safet,refugees_4.jpg,real,29,0,0,0.6277472,"[0.6277472, 0.3722528]","[0.48602524, 0.5139747]","[0.42852834, 0.5714717]"
rt  \@i_k_b  syrian refugees in europe all men fit for military no kids no women   same in assam ibis entering as hindu refugee,refugees_5.jpg,real,29,0,0,0.9884626,"[0.9884626, 0.011537341]","[0.4429515, 0.5570485]","[0.6571195, 0.34288046]"
two articles up today on the refugee crisis and racis,refugees_5.jpg,real,29,0,0,0.9739153,"[0.9739153, 0.026084723]","[0.41863275, 0.5813673]","[0.64137906, 0.358621]"
rt  \@ihhen  nearly 1 500 syrian refugees who have camped out in  #edirne for 4 days have started walking towards the borde,refugees_8.jpg,real,29,0,0,0.96366274,"[0.96366274, 0.036337264]","[0.4150023, 0.5849977]","[0.70767254, 0.2923275]"
rt  \@ihhen  nearly 1 500 syrian refugees who have camped out in  #edirne for 4 days have started walking towards the borde,refugees_8.jpg,real,29,0,0,0.96366274,"[0.96366274, 0.036337264]","[0.4150023, 0.5849977]","[0.70767254, 0.2923275]"
rt  \@refugees   what do you expect in germany     playgrounds   selwa  9  fled damascus last week with her family   is now in lesbo,refugees_9.jpg,real,29,0,0,0.8790306,"[0.8790306, 0.12096942]","[0.5422517, 0.45774832]","[0.46720985, 0.5327902]"
rt  \@refugees   what do you expect in germany     playgrounds   selwa  9  fled damascus last week with her family   is now in lesbo,refugees_9.jpg,real,29,0,0,0.8790306,"[0.8790306, 0.12096942]","[0.5422517, 0.45774832]","[0.46720985, 0.5327902]"
rt  \@melissarfleming  i asked selwa  9  what she expects in germany   playgrounds    she  amp  family fled  #syria 1 week ago  now in  #greece  h,refugees_9.jpg,real,29,0,0,0.8979127,"[0.8979127, 0.102087304]","[0.5848947, 0.41510528]","[0.46690345, 0.53309655]"
rt  \@melissarfleming  i asked selwa  9  what she expects in germany   playgrounds    she  amp  family fled  #syria 1 week ago  now in  #greece  h,refugees_9.jpg,real,29,0,0,0.8979127,"[0.8979127, 0.102087304]","[0.5848947, 0.41510528]","[0.46690345, 0.53309655]"
